Wall time,Step,Value
1593779363.4366674,18,-0.0664471685886383
1593779363.810147,42,-0.06974989175796509
1593779363.8577838,45,-0.05129822716116905
1593779364.2581868,71,-0.021706929430365562
1593779364.615114,94,0.009250828064978123
1593779365.5726366,155,0.08870773017406464
1593779365.619543,158,0.10452374815940857
1593779365.7624395,167,0.15186305344104767
1593779366.742079,229,0.19677433371543884
1593779366.8207664,234,0.15462742745876312
1593779367.1515765,255,0.19613862037658691
1593779367.3407931,267,0.22380590438842773
1593779367.4351127,273,0.21612560749053955
1593779367.9846547,308,0.25087547302246094
1593779368.0159817,310,0.26488059759140015
1593779368.142991,318,0.30770742893218994
1593779368.598814,347,0.29565414786338806
1593779368.9140418,367,0.4371260404586792
1593779369.7586749,421,0.3872855007648468
1593779370.3718984,460,0.4751613438129425
1593779370.5936987,474,0.532835841178894
1593779371.5680697,536,0.4955751597881317
1593779371.991365,563,0.48403701186180115
1593779372.242202,579,0.5380483865737915
1593779372.3522105,586,0.5342419147491455
1593779372.3678613,587,0.49035415053367615
1593779372.888234,620,0.5369730591773987
1593779373.109572,634,0.5238070487976074
1593779373.3135872,647,0.4569138288497925
1593779373.5328717,661,0.4697296917438507
1593779373.6900344,671,0.5508765578269958
1593779374.3657818,714,0.4984179139137268
1593779374.4915013,722,0.45523616671562195
1593779374.6164386,730,0.6513756513595581
1593779375.1700616,765,0.54289710521698
1593779375.2313113,769,0.5388891696929932
1593779375.2629814,771,0.49172383546829224
1593779375.483192,785,0.4730522334575653
1593779375.5147645,787,0.5375039577484131
1593779375.6234446,794,0.618990421295166
1593779375.748259,802,0.5747303366661072
1593779375.842256,808,0.5728751420974731
1593779376.2814996,836,0.4913720488548279
1593779377.996778,945,0.46043306589126587
1593779378.406774,971,0.4963916540145874
1593779378.4222229,972,0.447593629360199
1593779378.5173266,978,0.4839104413986206
1593779378.6102335,984,0.49059581756591797
1593779378.890241,1002,0.4845140874385834
1593779378.9369082,1005,0.506238579750061
1593779379.0789275,1014,0.5538378953933716
1593779379.846484,1063,0.40581783652305603
1593779379.8931825,1066,0.34720268845558167
1593779380.079534,1078,0.5462000370025635
1593779380.3121266,1093,0.5596539974212646
1593779380.4067442,1099,0.5144733190536499
1593779380.4863596,1104,0.5539257526397705
1593779381.3011143,1156,0.6106210350990295
1593779381.3800442,1161,0.616939127445221
1593779381.3956885,1162,0.5585952401161194
1593779381.6821315,1180,0.5897035598754883
1593779381.887805,1193,0.6170612573623657
1593779382.6867006,1244,0.39363330602645874
1593779382.956974,1261,0.5415644645690918
1593779383.8244543,1316,0.3640351891517639
1593779383.8715837,1319,0.21584710478782654
1593779384.091918,1333,0.36212050914764404
1593779384.1561275,1337,0.40313252806663513
1593779384.916092,1385,0.5973908305168152
1593779385.0265815,1392,0.6494956016540527
1593779385.371147,1414,0.618249237537384
1593779385.5599597,1426,0.4747772216796875
1593779385.7187757,1436,0.7157301306724548
1593779386.1894832,1466,0.5167146921157837
1593779386.3599231,1477,0.5826961994171143
1593779386.5784461,1491,0.764615535736084
1593779387.0809197,1523,0.5528892874717712
1593779387.535818,1552,0.4623624086380005
1593779387.7880585,1568,0.632831335067749
1593779388.0393755,1584,0.565464973449707
1593779388.1024249,1588,0.48628342151641846
1593779388.3682754,1605,0.6517010927200317
1593779388.9208412,1640,0.7654496431350708
1593779389.58418,1682,0.5943962335586548
1593779389.7240312,1691,0.8168232440948486
1593779389.8976738,1702,0.7513025999069214
1593779390.007269,1709,0.7409319281578064
1593779390.1478357,1718,0.7102370262145996
1593779390.3669696,1732,0.7270165085792542
1593779390.3983269,1734,0.5532126426696777
1593779390.4458733,1737,0.6808332800865173
1593779391.1416678,1781,0.8498104214668274
1593779391.8496668,1826,0.6667162179946899
1593779392.1315088,1844,0.8029536008834839
1593779392.2747004,1853,0.7085961103439331
1593779392.4796553,1866,0.7709494829177856
1593779392.5275905,1869,0.6589004993438721
1593779392.6526053,1877,0.7311375141143799
1593779393.2795796,1917,0.8113642930984497
1593779393.5509412,1934,0.7024285197257996
1593779393.7077127,1944,0.7142430543899536
1593779393.755028,1947,0.8090789318084717
1593779394.6033587,2001,1.084242582321167
1593779394.7933474,2013,0.8556214570999146
1593779395.1535196,2036,0.8836183547973633
1593779395.776997,2076,0.7912672162055969
1593779395.7920713,2077,0.8229337930679321
1593779395.9177094,2085,0.8756133913993835
1593779395.9785106,2089,0.8872855305671692
1593779396.0871892,2096,0.9377739429473877
1593779396.9216914,2149,1.0178941488265991
1593779397.0306416,2156,0.8118333220481873
1593779397.5207648,2187,0.8649374842643738
1593779397.5842953,2191,0.9177534580230713
1593779397.7120705,2199,0.7591391205787659
1593779397.8387156,2207,0.7598398923873901
1593779397.9011836,2211,0.9313980340957642
1593779398.2186327,2231,1.110568881034851
1593779398.2954714,2236,0.801771879196167
1593779398.310906,2237,0.910542368888855
1593779398.6146867,2257,0.8657423853874207
1593779398.6901517,2262,0.997578501701355
1593779398.9748375,2281,1.0872735977172852
1593779399.2166939,2297,1.097165822982788
1593779399.367144,2307,1.1413270235061646
1593779399.5490623,2319,0.9254379272460938
1593779399.9380324,2345,1.2743690013885498
1593779400.0729997,2354,1.0462294816970825
1593779400.6164775,2389,0.89508455991745
1593779400.631777,2390,1.0293015241622925
1593779400.6632223,2392,0.9774051904678345
1593779401.3502653,2436,0.8297472596168518
1593779401.4732418,2444,0.8700066208839417
1593779401.6133058,2453,0.8604243993759155
1593779401.643713,2455,0.7377296090126038
1593779401.7208004,2460,0.8173661828041077
1593779402.111733,2485,0.8349682092666626
1593779402.1278224,2486,1.0029652118682861
1593779402.2827756,2496,1.1975773572921753
1593779402.3142297,2498,0.8820306062698364
1593779402.3922815,2503,1.2383058071136475
1593779402.6102023,2517,1.0722742080688477
1593779402.7029111,2523,0.9077997207641602
1593779402.84414,2532,0.9337335824966431
1593779403.0820987,2547,1.1078343391418457
1593779403.1766105,2553,0.9901148080825806
1593779403.9857183,2606,1.0275132656097412
1593779405.1731231,2685,0.790790319442749
1593779405.445052,2703,1.0173590183258057
1593779406.0013983,2740,1.0842807292938232
1593779406.2123756,2754,0.9214509725570679
1593779406.7384958,2789,1.0576728582382202
1593779407.9839706,2872,1.268559217453003
1593779408.341713,2896,1.014206051826477
1593779409.406215,2967,1.240424394607544
1593779409.5260127,2975,1.0941227674484253
1593779410.0689979,3011,1.2713853120803833
1593779410.4710813,3038,1.1561164855957031
1593779410.5164738,3041,1.080113172531128
1593779411.386188,3099,1.3094489574432373
1593779412.3128765,3161,1.0846294164657593
1593779412.5542774,3177,0.9881985783576965
1593779412.8240526,3195,1.0922963619232178
1593779412.8388047,3196,1.3521728515625
1593779413.3519835,3230,1.0922706127166748
1593779413.5012321,3240,1.1990783214569092
1593779413.5461168,3243,1.0862256288528442
1593779413.560733,3244,1.018921136856079
1593779413.5909405,3246,0.9271014332771301
1593779413.6053662,3247,1.0580899715423584
1593779414.4713972,3305,1.077398419380188
1593779415.0714629,3345,1.3738484382629395
1593779415.536712,3376,1.0445255041122437
1593779415.9393091,3403,1.310239553451538
1593779416.013637,3408,1.027555227279663
1593779416.3438594,3430,1.1922498941421509
1593779416.6307175,3449,1.4230592250823975
1593779416.857571,3464,1.1007577180862427
1593779417.0977118,3480,1.0764665603637695
1593779417.5307608,3509,0.716839075088501
1593779417.575156,3512,1.1356310844421387
1593779417.9625745,3537,0.8698700666427612
1593779418.9422848,3600,1.0965877771377563
1593779419.2235057,3618,1.0535457134246826
1593779419.2552657,3620,1.0091564655303955
1593779419.2871416,3622,0.9677392840385437
1593779419.3824973,3628,1.0688657760620117
1593779419.8223877,3656,0.942546546459198
1593779420.0426066,3670,1.157634973526001
1593779420.905906,3726,0.9880772829055786
1593779420.966889,3730,0.9009238481521606
1593779421.1350222,3741,1.0910437107086182
1593779421.9460588,3793,1.0993750095367432
1593779422.2752728,3814,1.202307105064392
1593779422.3535368,3819,1.0972871780395508
1593779422.3842924,3821,1.2666163444519043
1593779422.5389807,3831,1.0688867568969727
1593779423.0519824,3864,0.8727858066558838
1593779423.2395473,3876,0.7850028276443481
1593779424.0266979,3928,0.8796416521072388
1593779424.449769,3956,0.9397388696670532
1593779424.8730848,3984,1.2620196342468262
1593779425.4430747,4022,1.0993564128875732
1593779425.6103,4033,1.1191325187683105
1593779425.6552572,4036,0.990807294845581
1593779426.5123866,4093,1.0196993350982666
1593779426.5906715,4098,1.2270907163619995
1593779426.7605662,4109,1.254317045211792
1593779427.8997066,4182,1.287583589553833
1593779428.0888755,4194,1.2147650718688965
1593779428.1203132,4196,1.222324013710022
1593779428.1991124,4201,1.1511852741241455
1593779428.214926,4202,1.022308111190796
1593779428.6086583,4227,1.0160194635391235
1593779428.6866074,4232,1.2200658321380615
1593779428.734303,4235,1.3216506242752075
1593779428.8607416,4243,1.1472303867340088
1593779429.175263,4263,1.041791558265686
1593779429.2217913,4266,1.05173659324646
1593779429.4752617,4282,0.8286491632461548
1593779429.8226063,4304,0.8324057459831238
1593779430.0267699,4317,1.14265775680542
1593779430.0577796,4319,1.0990298986434937
1593779430.8436153,4369,0.9388781785964966
1593779431.2220805,4393,1.0302833318710327
1593779431.3315136,4400,0.885698139667511
1593779431.4249523,4406,0.9821860790252686
1593779431.8016715,4430,1.033116340637207
1593779431.8486125,4433,1.107700228691101
1593779432.7794747,4492,0.9413442611694336
1593779433.0469937,4509,0.9637666940689087
1593779433.3745246,4530,0.8898952007293701
1593779434.1303148,4578,1.0831433534622192
1593779434.176621,4581,1.1320874691009521
1593779434.9139075,4628,1.131369948387146
1593779435.35417,4656,1.3390617370605469
1593779435.4789166,4664,1.0882023572921753
1593779435.5437484,4668,0.8568062782287598
1593779435.6702702,4676,0.9873371720314026
1593779436.2509863,4713,1.0299313068389893
1593779436.329722,4718,0.8549296855926514
1593779436.8307238,4750,1.1033108234405518
1593779436.9553466,4758,1.1814897060394287
1593779437.0978131,4767,1.0718663930892944
1593779437.4281325,4788,0.9631366729736328
1593779437.6183257,4800,0.9913049340248108
1593779437.6499538,4802,0.916965663433075
1593779438.2455792,4840,0.7926886081695557
1593779438.434102,4852,0.9268642663955688
1593779439.0946653,4894,0.8867055773735046
1593779440.160773,4962,0.9096773862838745
1593779440.3018394,4971,0.9837943911552429
1593779440.3488388,4974,0.888738751411438
1593779441.5395687,5050,0.9087076783180237
1593779441.571187,5052,0.9560952186584473
1593779441.587014,5053,0.9053022861480713
1593779442.4168456,5106,1.2447012662887573
1593779442.854893,5134,0.7413525581359863
1593779443.8909464,5200,0.8515468835830688
1593779444.5065818,5239,0.8668233156204224
1593779445.926641,5329,0.8916760683059692
1593779446.1759799,5345,0.7950884699821472
1593779446.395448,5359,0.9337202310562134
1593779447.3551862,5420,0.7509388327598572
1593779447.7002337,5442,0.845911979675293
1593779448.5317695,5495,1.2063339948654175
1593779448.8501596,5515,1.1055197715759277
1593779448.8820188,5517,0.8853095769882202
1593779449.387425,5549,0.9798225164413452
1593779449.7633595,5573,1.0369136333465576
1593779449.9869368,5587,1.1631884574890137
1593779450.66327,5630,0.8864184021949768
1593779451.1057734,5658,0.8807183504104614
1593779451.137185,5660,0.8061460852622986
1593779451.199658,5664,0.9969956874847412
1593779451.437603,5679,0.8922624588012695
1593779452.0826497,5720,0.9635753631591797
1593779452.1297195,5723,1.1088215112686157
1593779452.9638712,5776,1.1559113264083862
1593779453.4477158,5807,1.095594882965088
1593779453.4634418,5808,1.094789743423462
1593779453.7306867,5825,1.1962969303131104
1593779453.7775452,5828,0.9892946481704712
1593779454.3136938,5862,0.9300732016563416
1593779454.3446262,5864,0.858245849609375
1593779454.454816,5871,1.1250174045562744
1593779455.02173,5907,0.8854260444641113
1593779455.3502543,5928,0.7842366099357605
1593779455.731571,5952,0.9474331140518188
1593779455.810254,5957,0.883403480052948
1593779455.9068274,5963,0.9362776875495911
1593779456.3311915,5990,0.865798830986023
1593779456.6445534,6010,1.087294340133667
1593779456.7237942,6015,0.8848152160644531
1593779456.9608917,6030,0.900719165802002
1593779457.0393596,6035,1.0546029806137085
1593779457.7187161,6078,0.9413121938705444
1593779458.1116827,6103,1.1664342880249023
1593779458.1433878,6105,0.9579612612724304
1593779458.3906364,6121,0.714368462562561
1593779458.5449007,6131,0.8444555401802063
1593779459.3214154,6181,1.091731071472168
1593779459.6174326,6200,0.8176011443138123
1593779459.8187501,6213,0.8069398403167725
1593779459.9114406,6219,0.8912664651870728
1593779460.1120076,6232,0.7065060138702393
1593779461.0006506,6289,1.1361790895462036
1593779461.3583286,6312,0.8927693367004395
1593779461.4349394,6317,0.8936673402786255
1593779461.8034308,6341,0.8458109498023987
1593779461.9739537,6352,0.7691010236740112
1593779462.1432135,6363,0.7478147745132446
1593779462.3450074,6376,0.9359177350997925
1593779462.7145522,6400,1.035536527633667
1593779464.184603,6495,1.2411601543426514
1593779464.1999834,6496,1.0012215375900269
1593779464.2624023,6500,0.8687082529067993
1593779464.5735931,6520,1.1113858222961426
1593779465.4096513,6574,0.9220272898674011
1593779465.5637946,6584,1.0847970247268677
1593779465.8603897,6603,0.867802619934082
1593779466.6935294,6657,0.8593710660934448
1593779466.829976,6666,1.064462423324585
1593779466.921708,6672,0.7444020509719849
1593779467.0139925,6678,0.992649495601654
1593779467.0602968,6681,0.8396326303482056
1593779467.1693914,6688,0.908511757850647
1593779467.2932167,6696,0.9060529470443726
1593779467.3394217,6699,0.9460242390632629
1593779467.5248163,6711,0.9375513792037964
1593779467.9398496,6738,0.7153444290161133
1593779468.0015738,6742,1.0039845705032349
1593779468.1713207,6753,0.6284908056259155
1593779469.383756,6832,1.0197765827178955
1593779469.5975964,6846,0.9739586710929871
1593779469.7209306,6854,0.9371169209480286
1593779469.9517682,6869,1.021727442741394
1593779470.9627178,6934,1.1124838590621948
1593779471.4077084,6963,1.000895619392395
1593779471.455021,6966,0.9474327564239502
1593779471.851873,6992,0.7832886576652527
1593779472.18916,7014,1.169004201889038
1593779473.3799782,7091,0.9604558944702148
1593779473.612988,7106,0.9597546458244324
1593779473.7369971,7114,1.0273197889328003
1593779474.0940251,7137,0.832815945148468
1593779474.3718276,7155,0.826170802116394
1593779474.9951048,7195,1.0684905052185059
1593779475.321632,7216,0.8862097263336182
1593779475.8022063,7247,0.7891096472740173
1593779476.6202662,7300,0.9796038269996643
1593779476.7920923,7311,0.9447317719459534
1593779477.0706935,7329,0.985926628112793
1593779477.225982,7339,0.9180290699005127
1593779477.2412562,7340,0.793607771396637
1593779477.5356834,7359,1.0341966152191162
1593779477.8906739,7382,0.7841005325317383
1593779478.185971,7401,0.9953018426895142
1593779478.7903414,7440,0.7235249876976013
1593779478.836601,7443,0.9372588396072388
1593779478.9456365,7450,0.7246416211128235
1593779479.099896,7460,0.7862862348556519
1593779479.1469162,7463,0.8134954571723938
1593779479.3794146,7478,0.6814754009246826
1593779479.887896,7511,0.8795365691184998
1593779480.1825738,7530,0.7406246662139893
1593779481.3986676,7609,0.9588013887405396
1593779481.9402475,7644,0.8983769416809082
1593779482.2034287,7661,0.8147592544555664
1593779482.4380956,7676,0.9014109373092651
1593779482.6111636,7687,0.6945451498031616
1593779482.7049558,7693,0.7559103965759277
1593779483.0959995,7718,0.8647803068161011
1593779483.1739814,7723,0.773776650428772
1593779483.2512724,7728,0.8844920992851257
1593779483.5317965,7746,0.8730679750442505
1593779483.7023203,7757,0.9091019034385681
1593779483.7494493,7760,1.0070679187774658
1593779484.0615482,7780,0.9811608791351318
1593779484.184932,7788,0.9851340651512146
1593779484.3404155,7798,0.8519721627235413
1593779484.8870964,7833,0.8918877840042114
1593779484.9653893,7838,0.9613265991210938
1593779485.9184237,7899,1.0719661712646484
1593779485.9339952,7900,1.0298213958740234
1593779486.4314287,7932,0.6729743480682373
1593779487.2279396,7983,1.0328447818756104
1593779487.3535373,7991,0.7744408845901489
1593779487.9012084,8026,0.7356631755828857
1593779488.0728002,8037,0.7895744442939758
1593779488.2608263,8049,0.9002909660339355
1593779488.5258188,8066,0.818350076675415
1593779489.4631855,8126,0.8863204121589661
1593779490.3106709,8180,0.8888787031173706
1593779490.3735964,8184,0.9190195202827454
1593779490.5944395,8198,0.916364312171936
1593779490.8607354,8215,0.859109103679657
1593779490.954103,8221,1.100944995880127
1593779491.6147218,8263,0.8715226054191589
1593779491.865654,8279,0.8283651471138
1593779492.0370417,8290,0.8376415371894836
1593779492.3023527,8307,0.6619123220443726
1593779492.6132112,8327,0.7115415930747986
1593779492.69143,8332,0.770902693271637
1593779492.7228687,8334,0.644404947757721
1593779492.8177068,8340,0.7543932199478149
1593779493.1304135,8360,0.9878902435302734
1593779493.17685,8363,0.8795843124389648
1593779493.2548652,8368,0.905461311340332
1593779493.3941796,8377,0.9807615280151367
1593779494.7825465,8467,0.942008376121521
1593779494.7980142,8468,0.9697433710098267
1593779494.8286104,8470,1.0887494087219238
1593779495.2613683,8498,0.9775695204734802
1593779495.338863,8503,0.8105453252792358
1593779495.4153645,8508,0.8873627185821533
1593779496.3157105,8566,0.7199136018753052
1593779496.7208025,8592,0.7280411124229431
1593779496.8597708,8601,0.7723649740219116
1593779497.370618,8634,0.92690509557724
1593779497.3861716,8635,0.9303432703018188
1593779497.526161,8644,0.8683215379714966
1593779498.1186485,8682,0.8583786487579346
1593779498.2420487,8690,0.8727337718009949
1593779498.3199008,8695,0.9195890426635742
1593779498.8139906,8727,0.8343786001205444
1593779499.546199,8774,0.878685712814331
1593779499.6082723,8778,0.658750057220459
1593779499.9658246,8801,0.8697550296783447
1593779500.2428908,8819,0.9806234240531921
1593779500.2895505,8822,0.9682685136795044
1593779500.6113503,8843,0.9476851224899292
1593779500.7821863,8854,0.8088312149047852
1593779501.1549466,8878,0.8549160957336426
1593779501.2636,8885,0.9719250798225403
1593779501.5276802,8902,0.9025349617004395
1593779501.5584106,8904,0.9505521655082703
1593779501.605959,8907,0.9295932054519653
1593779501.93341,8928,0.9471083283424377
1593779502.0416098,8935,0.9785788059234619
1593779502.3968487,8958,0.9120466709136963
1593779502.66183,8975,1.074294924736023
1593779502.9397707,8993,0.7260607481002808
1593779503.034016,8999,0.8112987875938416
1593779503.1895623,9009,0.8214976787567139
1593779503.4841056,9028,0.8791036605834961
1593779503.904906,9055,0.8599730730056763
1593779504.0289798,9063,0.7604732513427734
1593779504.3560102,9084,0.8566118478775024
1593779505.456162,9155,0.7549670934677124
1593779506.4054997,9216,0.8389832377433777
1593779506.5599866,9226,0.7194397449493408
1593779506.667855,9233,0.8486140370368958
1593779507.084474,9260,0.8623782396316528
1593779507.4100575,9281,0.9436762928962708
1593779507.8109176,9307,0.9580825567245483
1593779507.948158,9316,0.826830267906189
1593779508.4437752,9348,0.8827673196792603
1593779508.7721045,9369,0.8321089744567871
1593779509.44061,9412,0.7266216278076172
1593779509.487132,9415,0.7947985529899597
1593779509.7975552,9435,0.741073489189148
1593779509.9072304,9442,0.7939989566802979
1593779510.3096595,9468,0.6452429294586182
1593779511.388272,9538,0.7771743535995483
1593779511.5274935,9547,0.8504564762115479
1593779511.63553,9554,0.6928955316543579
1593779511.8386922,9567,0.7683837413787842
1593779512.1803975,9589,0.6794919967651367
1593779512.353033,9600,0.8197150230407715
1593779512.5240386,9611,0.8545843362808228
1593779512.7722003,9627,0.7758833169937134
1593779513.1456764,9651,0.8481615781784058
1593779513.2393649,9657,0.8192012310028076
1593779513.5983493,9680,0.7501660585403442
1593779513.87652,9698,0.9146124720573425
1593779514.8297794,9759,0.6027377843856812
1593779514.9690166,9768,0.8105716109275818
1593779515.660561,9812,0.6967769265174866
1593779516.0953526,9840,0.6924209594726562
1593779516.1429074,9843,0.6707556843757629
1593779516.7681756,9883,0.6257925033569336
1593779517.1395254,9907,0.6324158310890198
1593779518.1540062,9972,0.9145907163619995
1593779519.3758836,10050,0.5483884215354919
1593779519.4552236,10055,0.8021780848503113
1593779519.5022316,10058,0.8723394274711609
1593779519.7226467,10072,0.960841178894043
1593779519.9105,10084,0.7347887754440308
1593779520.2678545,10107,0.7251771688461304
1593779520.362518,10113,0.7815648317337036
1593779520.5946088,10128,0.8142824172973633
1593779520.843564,10144,0.7041633129119873
1593779521.214341,10168,0.8739748001098633
1593779521.4791017,10185,0.8634542226791382
1593779522.4166114,10245,0.7457929849624634
1593779522.5896327,10256,0.7598191499710083
1593779522.9070575,10276,0.7655534148216248
1593779523.0191727,10283,0.8634781241416931
1593779523.0985184,10288,0.9267182350158691
1593779524.7966142,10396,0.8468844890594482
1593779524.8439121,10399,0.898827075958252
1593779525.173549,10420,0.7022668123245239
1593779525.2511246,10425,0.6674045920372009
1593779525.9243033,10468,0.6764194965362549
1593779526.0959365,10479,0.679291844367981
1593779526.2531116,10489,0.6867625117301941
1593779526.3175163,10493,0.6940174102783203
1593779526.7717235,10522,0.7043343782424927
1593779526.9118404,10531,0.6087243556976318
1593779527.2716548,10554,0.5125097036361694
1593779527.2868063,10555,0.7561596035957336
1593779527.4755116,10567,0.674985945224762
1593779527.9630327,10598,0.7503104209899902
1593779528.106986,10607,0.8165278434753418
1593779528.3733594,10624,0.7657381296157837
1593779528.451899,10629,0.7332219481468201
1593779528.592976,10638,0.8534005880355835
1593779528.7179441,10646,0.8333557844161987
1593779528.8402255,10654,0.9128082990646362
1593779529.0987186,10671,0.8351929187774658
1593779529.5616806,10701,0.7636164426803589
1593779529.7165372,10711,0.7937105894088745
1593779530.3010247,10748,0.816157341003418
1593779530.4434147,10757,0.8132852911949158
1593779530.458604,10758,0.8047947883605957
1593779530.8020344,10780,0.7988447546958923
1593779530.9117515,10787,0.8222811818122864
1593779531.351549,10815,0.6139951944351196
1593779531.5100684,10825,1.018420934677124
1593779531.5877643,10830,0.9654941558837891
1593779531.761727,10841,0.8663326501846313
1593779531.9034054,10850,0.7655165195465088
1593779532.1229358,10864,0.5781651735305786
1593779532.7198186,10902,0.6490264534950256
1593779532.7669811,10905,0.6223541498184204
1593779533.2961016,10939,0.7969157695770264
1593779533.3590963,10943,0.9111838936805725
1593779533.7209046,10966,0.7406526803970337
1593779533.8152397,10972,0.716362476348877
1593779533.8475342,10974,0.8800501823425293
1593779534.475915,11014,0.6545873880386353
1593779534.5714943,11020,0.7911131978034973
1593779534.6029143,11022,0.8941762447357178
1593779534.7740998,11033,0.6707988977432251
1593779534.8513656,11038,0.6490503549575806
1593779535.070341,11052,0.786955714225769
1593779535.2102299,11061,0.7258659601211548
1593779535.4624572,11077,0.722883403301239
1593779535.8546941,11102,0.7962099313735962
1593779536.150646,11121,0.7304916977882385
1593779536.291601,11130,0.8186432123184204
1593779536.571535,11148,0.7520022392272949
1593779536.9965353,11175,0.5817203521728516
1593779537.3586078,11198,0.8187246322631836
1593779537.390904,11200,0.7527544498443604
1593779537.406319,11201,0.7291658520698547
1593779538.328355,11260,0.87343430519104
1593779538.3752244,11263,0.9262043237686157
1593779538.5162902,11272,0.737036943435669
1593779539.1114433,11310,0.8693670034408569
1593779539.9102838,11361,0.5619763731956482
1593779540.6983645,11411,0.8672265410423279
1593779540.8235385,11419,0.7297261953353882
1593779541.386771,11455,0.6388604044914246
1593779541.6527882,11472,0.5531144738197327
1593779541.9672334,11492,0.5741252303123474
1593779542.4064388,11520,0.6498957872390747
1593779542.452788,11523,0.8639495372772217
1593779542.562193,11530,0.7983246445655823
1593779542.5937176,11532,0.6764788627624512
1593779542.8583424,11549,1.0063209533691406
1593779542.9832988,11557,0.783414900302887
1593779543.1234214,11566,0.674628496170044
1593779543.358637,11581,0.8577014207839966
1593779543.609393,11597,0.6394293308258057
1593779544.2198377,11636,0.7945568561553955
1593779544.4060044,11648,0.7763571739196777
1593779544.5943706,11660,0.7449146509170532
1593779544.7666454,11671,0.8100180625915527
1593779544.9852204,11685,0.8065236806869507
1593779545.015732,11687,0.8402391076087952
1593779545.5828044,11723,0.8862528204917908
1593779546.1436977,11759,0.6892977952957153
1593779546.5704684,11786,0.8009957075119019
1593779546.8102913,11801,0.8588517308235168
1593779547.281657,11831,0.8203274607658386
1593779547.6582017,11855,0.774881899356842
1593779547.9369252,11873,0.8052939176559448
1593779548.4581795,11906,0.7634623050689697
1593779548.8794534,11933,0.6681439876556396
1593779549.0838096,11946,0.7203429937362671
1593779549.1146054,11948,0.8100103139877319
1593779549.1301427,11949,0.88169926404953
1593779549.4425626,11969,0.6743470430374146
1593779549.520021,11974,0.718513011932373
1593779549.7380903,11988,0.7688143253326416
1593779549.895315,11998,0.8361140489578247
1593779549.9747493,12003,0.7420670986175537
1593779550.0860398,12010,0.6675336360931396
1593779550.385616,12029,0.8399592638015747
1593779550.5739534,12041,0.7549489736557007
1593779551.1222436,12076,0.6939874887466431
1593779552.0984774,12138,0.7091861367225647
1593779552.3332777,12153,0.6654492020606995
1593779552.5037942,12164,0.7495260834693909
1593779552.566113,12168,0.8680615425109863
1593779552.8151124,12184,0.9430066347122192
1593779553.3340716,12217,0.7314960956573486
1593779553.477577,12226,0.77021723985672
1593779554.1653974,12270,0.9024192094802856
1593779554.4784741,12290,0.6502907276153564
1593779554.5266125,12293,0.6573528051376343
1593779554.7777767,12309,0.6693289875984192
1593779555.0301154,12325,0.8028507828712463
1593779556.1420527,12396,0.7622373700141907
1593779556.283293,12405,0.8027160167694092
1593779556.773622,12436,0.8010714650154114
1593779557.07051,12455,0.594200849533081
1593779557.117724,12458,0.6493313312530518
1593779557.4621603,12480,0.7555666565895081
1593779558.4790306,12545,0.8245582580566406
1593779558.604192,12553,0.8111114501953125
1593779558.9326518,12574,0.7433047890663147
1593779559.27621,12596,0.6387634873390198
1593779559.7355971,12625,0.7388054728507996
1593779560.4576166,12671,0.6965757012367249
1593779560.894496,12699,0.7324212193489075
1593779561.8266149,12758,0.7998100519180298
1593779562.075855,12774,0.7198258638381958
1593779562.5633445,12805,0.6508968472480774
1593779562.6897826,12813,0.6848735809326172
1593779563.019403,12834,0.4968127906322479
1593779563.4104512,12859,0.6832146048545837
1593779563.4899998,12864,0.7420170307159424
1593779563.694251,12877,0.6714315414428711
1593779563.8960488,12890,0.806830883026123
1593779563.9895875,12896,0.7760826349258423
1593779564.6480148,12938,0.7745077610015869
1593779564.6637735,12939,0.855758786201477
1593779564.975873,12959,0.7043656706809998
1593779565.8839307,13017,0.826465904712677
1593779566.150192,13034,0.6705232858657837
1593779566.5726244,13061,0.7562313675880432
1593779566.5876014,13062,0.7432119250297546
1593779566.7114813,13070,0.791671097278595
1593779566.8995662,13082,0.7840396165847778
1593779567.0865803,13094,0.6584334373474121
1593779567.323228,13109,0.7742943167686462
1593779567.3867712,13113,0.7971563339233398
1593779567.6543806,13130,0.7640071511268616
1593779567.9356942,13148,0.8168996572494507
1593779568.2181814,13166,0.7742912769317627
1593779568.4551466,13181,0.7611711025238037
1593779568.6150265,13191,0.8851772546768188
1593779568.663023,13194,0.8230189085006714
1593779568.855398,13206,0.891219973564148
1593779568.871433,13207,0.6745152473449707
1593779568.933938,13211,0.6848973035812378
1593779569.3751097,13239,0.7071259021759033
1593779569.7826104,13265,0.8707501888275146
1593779570.297713,13298,0.7638142704963684
1593779570.534318,13313,0.8558179140090942
1593779571.0953074,13349,0.8044522404670715
1593779571.9234264,13402,0.6446662545204163
1593779571.9867232,13406,0.8187685012817383
1593779572.2999232,13426,0.6526107788085938
1593779573.062654,13475,0.7656141519546509
1593779573.5162206,13504,0.6564704179763794
1593779574.177975,13546,0.6788922548294067
1593779574.9737735,13597,0.730014443397522
1593779575.2077804,13612,0.8611326217651367
1593779575.3341916,13620,0.745832085609436
1593779575.4279397,13626,0.7265016436576843
1593779576.2041836,13676,0.7082520723342896
1593779576.2501922,13679,0.8514264225959778
1593779576.296341,13682,0.673029363155365
1593779576.4955654,13695,0.6791419982910156
1593779576.9067602,13722,0.7592638731002808
1593779577.2856967,13747,0.8114949464797974
1593779577.3916383,13754,0.7532048225402832
1593779577.7282188,13776,0.6674222946166992
1593779578.0494637,13797,0.6051733493804932
1593779578.2491734,13810,0.7281830310821533
1593779578.7823472,13845,0.6301440000534058
1593779579.1337829,13868,0.5827172994613647
1593779579.1788783,13871,0.9394831657409668
1593779579.3777795,13884,0.7621617913246155
1593779579.438553,13888,0.6380891799926758
1593779580.1809552,13937,0.6491676568984985
1593779580.1960473,13938,0.7256350517272949
1593779580.4857006,13957,0.8331574201583862
1593779580.5318542,13960,0.7585340142250061
1593779580.669301,13969,0.8109138011932373
1593779580.6840773,13970,0.6534543037414551
1593779580.7756221,13976,0.7827169895172119
1593779581.0783057,13996,0.8107179403305054
1593779581.1090584,13998,0.6897424459457397
1593779582.3594995,14080,0.7133510112762451
1593779582.4512532,14086,0.7113084197044373
1593779583.5984836,14161,0.8244190216064453
1593779584.0241282,14189,0.6602544784545898
1593779584.5137827,14221,0.8466606140136719
1593779584.6059477,14227,0.8053015470504761
1593779584.9573846,14250,0.7693450450897217
1593779585.526607,14287,0.7176513075828552
1593779585.5422533,14288,0.6553265452384949
1593779585.6347551,14294,0.5878065824508667
1593779585.7722776,14303,0.7074046730995178
1593779586.0315738,14320,0.7530591487884521
1593779586.215209,14332,0.5704036951065063
1593779586.3071353,14338,0.7046754360198975
1593779586.6107628,14358,0.7868127822875977
1593779586.671197,14362,0.697903037071228
1593779587.0410383,14386,0.6288392543792725
1593779587.2092595,14397,0.6479084491729736
1593779587.9699545,14447,0.6683287024497986
1593779588.334754,14471,0.6477168202400208
1593779588.6838717,14494,0.6763842105865479
1593779589.230756,14530,0.6144374012947083
1593779589.599096,14554,0.614733874797821
1593779589.630077,14556,0.6594836711883545
1593779589.6454022,14557,0.6028393507003784
1593779590.5505664,14617,0.7178502678871155
1593779590.776226,14632,0.6993346214294434
1593779590.8662808,14638,0.6567634344100952
1593779591.3186383,14668,0.7682710886001587
1593779591.454738,14677,0.7016248106956482
1593779591.51488,14681,0.6761490106582642
1593779591.603962,14687,0.7370218634605408
1593779591.8452673,14703,0.6435481309890747
1593779592.4917316,14746,0.7523506283760071
1593779592.671266,14758,0.7652866244316101
1593779592.9948895,14779,0.6301344037055969
1593779593.0102036,14780,0.7353662848472595
1593779593.0722048,14784,0.5670551061630249
1593779593.1355038,14788,0.8448315858840942
1593779593.1989155,14792,0.7910781502723694
1593779593.4617193,14809,0.7028025388717651
1593779593.5550294,14815,0.7183665037155151
1593779593.6176355,14819,0.7800965905189514
1593779594.0374036,14846,0.7827324271202087
1593779594.4625027,14873,0.658454418182373
1593779594.762153,14892,0.9185201525688171
1593779595.2642176,14924,0.6200923919677734
1593779595.2799973,14925,0.611266016960144
1593779595.2956638,14926,0.6827239990234375
1593779595.6685047,14950,0.8766695261001587
1593779596.691929,15015,0.8321833610534668
1593779596.8799114,15027,0.6971694231033325
1593779597.8666139,15090,0.583967924118042
1593779598.523968,15132,0.8468490839004517
1593779598.5861444,15136,0.6421267986297607
1593779599.2757094,15180,0.690048336982727
1593779599.5731363,15199,0.7179104089736938
1593779600.151899,15236,0.6786695718765259
1593779600.6215315,15266,0.8416413068771362
1593779600.7307663,15273,0.648115873336792
1593779600.8863804,15283,0.813102126121521
1593779601.1666472,15301,0.7625829577445984
1593779601.5265448,15324,0.8102657198905945
1593779601.793733,15341,0.6201875805854797
1593779601.8875275,15347,0.745648205280304
1593779601.9970808,15354,0.574725329875946
1593779602.7312238,15401,0.7549647688865662
1593779602.809863,15406,0.723663330078125
1593779603.0597806,15422,0.6881149411201477
1593779603.1541574,15428,0.7207757234573364
1593779603.311148,15438,0.8636839389801025
1593779603.5941725,15456,0.7138871550559998
1593779603.8610656,15473,0.7219032645225525
1593779603.892078,15475,0.5418442487716675
1593779604.3909092,15507,0.7367324829101562
1593779604.7042518,15527,0.7330943942070007
1593779604.878279,15538,0.7662518620491028
1593779605.6098697,15585,0.6176496744155884
1593779605.7970214,15597,0.7024885416030884
1593779605.9702988,15608,0.7288157939910889
1593779606.9745052,15672,0.5410585999488831
1593779607.4631894,15703,0.7633456587791443
1593779608.04643,15740,0.8125234842300415
1593779608.4264817,15764,0.7225769758224487
1593779608.567798,15773,0.6139668226242065
1593779608.6617324,15779,0.6856832504272461
1593779608.89652,15794,0.7590629458427429
1593779609.161596,15811,0.8701072931289673
1593779609.380932,15825,0.6026747226715088
1593779609.4276502,15828,0.6924368143081665
1593779609.7245026,15847,0.824036717414856
1593779610.0234327,15866,0.7432794570922852
1593779611.7984557,15979,0.5277881026268005
1593779611.9239514,15987,0.7423679232597351
1593779612.018542,15993,0.6542140245437622
1593779612.3950706,16017,0.7873507738113403
1593779612.41059,16018,0.8477407693862915
1593779613.0078561,16056,0.5724183320999146
1593779613.4309018,16083,0.6747838258743286
1593779613.6197248,16095,0.7029606103897095
1593779613.9496846,16116,0.7165679335594177
1593779614.8791687,16175,0.6191049218177795
1593779615.0827758,16188,0.661571741104126
1593779615.239784,16198,0.7104575634002686
1593779615.3027344,16202,0.7380677461624146
1593779615.693737,16227,0.6434650421142578
1593779616.038575,16249,0.6592482924461365
1593779617.169524,16321,0.722842276096344
1593779617.5124643,16343,0.5405958294868469
1593779617.5755155,16347,0.5838122963905334
1593779617.6067145,16349,0.7923782467842102
1593779617.6226206,16350,0.7353725433349609
1593779617.7794385,16360,0.6175317168235779
1593779618.0950084,16380,0.5953719019889832
1593779618.5023007,16406,0.7175971269607544
1593779619.0338864,16440,0.7193319797515869
1593779619.1742373,16449,0.6142752170562744
1593779620.0389764,16505,0.7065035104751587
1593779620.8834305,16559,0.7188303470611572
1593779621.2928526,16585,0.650884747505188
1593779621.3717122,16590,0.6317518949508667
1593779621.6847613,16610,0.7672557830810547
1593779622.4848514,16661,0.46487295627593994
1593779622.5479352,16665,0.6610250473022461
1593779623.0504386,16697,0.5649647116661072
1593779623.8183963,16746,0.7478549480438232
1593779624.1295803,16766,0.6721769571304321
1593779624.6270819,16798,0.6470776796340942
1593779624.7834995,16808,0.7342807054519653
1593779624.7990432,16809,0.7708240747451782
1593779625.191079,16834,0.8600136637687683
1593779625.2697432,16839,0.7237292528152466
1593779625.3316488,16843,0.7375493049621582
1593779625.5556934,16857,0.628650963306427
1593779626.2116628,16899,0.661976158618927
1593779626.6024628,16924,0.6718688607215881
1593779627.7717562,16999,0.5127109885215759
1593779628.82414,17066,0.530958890914917
1593779629.3058896,17097,0.7601873874664307
1593779629.8334997,17131,0.5995020866394043
1593779629.8489304,17132,0.6418169736862183
1593779630.1937697,17154,0.6301792860031128
1593779630.7871342,17192,0.5711783766746521
1593779630.8655045,17197,0.5066942572593689
1593779630.943027,17202,0.6799269914627075
1593779631.0990245,17212,0.6503056287765503
1593779631.5222623,17239,0.6456270217895508
1593779631.5380697,17240,0.6393367052078247
1593779631.6460202,17247,0.5591168403625488
1593779631.864177,17261,0.6606960296630859
1593779632.0361137,17272,0.6348633766174316
1593779632.3198452,17290,0.6496838927268982
1593779632.3515825,17292,0.5818208456039429
1593779632.7147772,17315,0.5069318413734436
1593779632.7303705,17316,0.6325047016143799
1593779632.7459238,17317,0.690686821937561
1593779632.7943535,17320,0.5061547756195068
1593779633.0920026,17339,0.6511374711990356
1593779633.6350229,17374,0.5633370280265808
1593779633.898162,17391,0.6311385631561279
1593779634.099786,17404,0.7073523998260498
1593779634.115382,17405,0.7270512580871582
1593779634.2702696,17415,0.7030234336853027
1593779634.4407918,17426,0.5593805909156799
1593779634.5963426,17436,0.582612156867981
1593779634.7201777,17444,0.5944212079048157
1593779634.8762045,17454,0.4590270221233368
1593779635.639491,17503,0.6296858787536621
1593779635.7635057,17511,0.6317368745803833
1593779635.82668,17515,0.4342459440231323
1593779636.2614987,17543,0.7205878496170044
1593779636.482819,17557,0.6691795587539673
1593779636.5786648,17563,0.783754825592041
1593779636.7973812,17577,0.5492905378341675
1593779636.8281856,17579,0.5854484438896179
1593779636.9371126,17586,0.5315162539482117
1593779636.9994063,17590,0.6474230885505676
1593779637.0460844,17593,0.6844298243522644
1593779637.0617106,17594,0.6404081583023071
1593779637.1239853,17598,0.6475225687026978
1593779637.5123527,17623,0.5568174123764038
1593779637.6664562,17633,0.7065375447273254
1593779637.729161,17637,0.5311903953552246
1593779637.9772718,17653,0.6258907914161682
1593779638.1927621,17667,0.550283670425415
1593779638.7522988,17703,0.5646042823791504
1593779638.7678874,17704,0.7915481925010681
1593779638.8773088,17711,0.6560795307159424
1593779639.04807,17722,0.5964013338088989
1593779639.5140123,17752,0.5499738454818726
1593779639.8079965,17771,0.5757626891136169
1593779639.823512,17772,0.5758808851242065
1593779639.9002116,17777,0.5992103815078735
1593779640.3187616,17804,0.6320120692253113
1593779640.6011486,17822,0.6341309547424316
1593779640.9117684,17842,0.5338510274887085
1593779642.6387448,17953,0.6243422031402588
1593779642.7785845,17962,0.5071435570716858
1593779643.0262804,17978,0.49650877714157104
1593779643.0725558,17981,0.689643144607544
1593779643.2116706,17990,0.6042138338088989
1593779643.6456525,18018,0.6632609963417053
1593779644.1590476,18052,0.636654257774353
1593779644.1744168,18053,0.6527039408683777
1593779644.3094292,18062,0.6346027851104736
1593779644.3545592,18065,0.6093837022781372
1593779644.9426005,18104,0.6429330110549927
1593779645.1676373,18119,0.6702428460121155
1593779645.318643,18129,0.6667656302452087
1593779645.5449772,18144,0.7365778684616089
1593779645.5744033,18146,0.7731239199638367
1593779645.6941102,18154,0.514652669429779
1593779645.9336922,18170,0.8119416832923889
1593779646.2352831,18190,0.5450795292854309
1593779646.5957403,18214,0.6958819031715393
1593779646.926398,18236,0.5869354009628296
1593779647.351537,18264,0.5967845916748047
1593779647.538538,18276,0.723685622215271
1593779648.1941931,18318,0.7122210264205933
1593779648.2405777,18321,0.5650827288627625
1593779648.8902092,18362,0.7304399609565735
1593779649.0153153,18370,0.7713590860366821
1593779650.2840412,18451,0.748780369758606
1593779650.2993805,18452,0.47103995084762573
1593779651.6630228,18539,0.5746397376060486
1593779651.7879734,18547,0.5539966821670532
1593779652.4735096,18591,0.7831333875656128
1593779652.4888778,18592,0.5510724186897278
1593779653.2841432,18643,0.5631833076477051
1593779653.423831,18652,0.4765622615814209
1593779654.2202816,18703,0.6708542108535767
1593779654.3759372,18713,0.5993503332138062
1593779654.485757,18720,0.7494733333587646
1593779654.5636296,18725,0.60097336769104
1593779654.9397273,18749,0.6893798112869263
1593779655.5192316,18786,0.6787951588630676
1593779655.787644,18803,0.6481828093528748
1593779656.4435105,18845,0.45807307958602905
1593779657.1983335,18893,0.46450895071029663
1593779657.2302992,18895,0.6409597396850586
1593779657.8226068,18933,0.5240505933761597
1593779658.2184021,18958,0.6282401084899902
1593779658.518973,18977,0.5130512714385986
1593779658.5967157,18982,0.777341365814209
1593779658.67595,18987,0.37125545740127563
1593779658.956886,19005,0.5963246822357178
1593779659.0345955,19010,0.5603443384170532
1593779659.1118202,19015,0.5051454901695251
1593779659.2986221,19027,0.6785179376602173
1593779659.6260724,19048,0.7038416862487793
1593779660.3647723,19095,0.6509518623352051
1593779660.6900954,19116,0.5676326751708984
1593779661.2697244,19153,0.5384079217910767
1593779661.5197015,19169,0.5348705649375916
1593779662.0514672,19203,0.734403133392334
1593779662.2232392,19214,0.6652714014053345
1593779662.4267154,19227,0.6093412041664124
1593779663.0068848,19264,0.5962734222412109
1593779663.1151924,19271,0.6506799459457397
1593779663.1779222,19275,0.5130363702774048
1593779663.56762,19300,0.5953757762908936
1593779663.9752505,19326,0.6802061796188354
1593779664.603347,19366,0.6138125061988831
1593779665.2420912,19407,0.6803513765335083
1593779665.2892168,19410,0.6753122806549072
1593779665.366941,19415,0.7957290410995483
1593779666.154042,19465,0.6010130643844604
1593779666.4659407,19485,0.7000889182090759
1593779666.6999934,19500,0.8301634788513184
1593779666.747131,19503,0.7530707120895386
1593779666.7784674,19505,0.6311658620834351
1593779667.0902343,19525,0.8503692150115967
1593779667.1829278,19531,0.6336655020713806
1593779667.5439823,19554,0.607724666595459
1593779667.9362624,19579,0.7726253271102905
1593779667.96765,19581,0.6230412721633911
1593779668.1712532,19594,0.6231558918952942
1593779668.5032601,19615,0.5472298860549927
1593779668.8028364,19634,0.6257577538490295
1593779668.8983564,19640,0.6018344163894653
1593779669.1183817,19654,0.6265859603881836
1593779669.2902856,19665,0.6972615718841553
1593779669.4309752,19674,0.5906689167022705
1593779669.4940777,19678,0.5936907529830933
1593779670.1517873,19720,0.581309974193573
1593779670.2627144,19727,0.641335129737854
1593779670.3257933,19731,0.6628926396369934
1593779670.4036207,19736,0.7145907878875732
1593779670.4192896,19737,0.5861495733261108
1593779671.0511396,19777,0.5869678854942322
1593779671.3508303,19796,0.6938236951828003
1593779671.7786772,19823,0.497596800327301
1593779672.1432498,19846,0.6244122982025146
1593779672.6036322,19875,0.7028244733810425
1593779673.2514708,19916,0.5901814699172974
1593779673.410944,19926,0.6593433618545532
1593779673.6021035,19938,0.5519199371337891
1593779673.870902,19955,0.5012672543525696
1593779674.12227,19971,0.7085875272750854
1593779674.2477856,19979,0.6510555744171143
1593779674.3894002,19988,0.5695931911468506
1593779674.4358797,19991,0.5986080765724182
